{"$schema":"http://schema.management.azure.com/schemas/2015-01-01/deploymentTemplate.json#","contentVersion":"1.0.0.0","parameters":{"factoryName":{"type":"string","metadata":"Data Factory name"},"AdventureWorks_database_connection":{"type":"string"}},"variables":{"factoryId":"[concat('Microsoft.DataFactory/factories/', parameters('factoryName'))]"},"resources":[{"name":"[concat(parameters('factoryName'), '/pipeline_main')]","type":"Microsoft.DataFactory/factories/pipelines","apiVersion":"2018-06-01","properties":{"description":"Copies data from three different views in the newly created PipeLineSchema and into their matching tables inside of that same schema.","activities":[{"name":"CopyData_into_ProductDetails","description":"Copies data from vw_Productdetails view into the newly created ProductDetails Table.","type":"Copy","dependsOn":[],"policy":{"timeout":"0.12:00:00","retry":0,"retryIntervalInSeconds":30,"secureOutput":false,"secureInput":false},"userProperties":[],"typeProperties":{"source":{"type":"AzureSqlSource","queryTimeout":"02:00:00","partitionOption":"None"},"sink":{"type":"AzureSqlSink","writeBehavior":"insert","sqlWriterUseTableLock":false},"enableStaging":false,"translator":{"type":"TabularTranslator","typeConversion":true,"typeConversionSettings":{"allowDataTruncation":true,"treatBooleanAsNumber":false}}},"inputs":[{"referenceName":"ProductDetails_Source","type":"DatasetReference","parameters":{}}],"outputs":[{"referenceName":"ProductDetails_Destination","type":"DatasetReference","parameters":{}}]},{"name":"CopyData_into_ShippedOrders","description":"Copies data from the vw_ShippedOrders view and into the newly created ShippedOrders table.","type":"Copy","dependsOn":[],"policy":{"timeout":"0.12:00:00","retry":0,"retryIntervalInSeconds":30,"secureOutput":false,"secureInput":false},"userProperties":[],"typeProperties":{"source":{"type":"AzureSqlSource","queryTimeout":"02:00:00","partitionOption":"None"},"sink":{"type":"AzureSqlSink","writeBehavior":"insert","sqlWriterUseTableLock":false},"enableStaging":false,"translator":{"type":"TabularTranslator","typeConversion":true,"typeConversionSettings":{"allowDataTruncation":true,"treatBooleanAsNumber":false}}},"inputs":[{"referenceName":"ShippedOrders_Source","type":"DatasetReference","parameters":{}}],"outputs":[{"referenceName":"ShippedOrders_Destination","type":"DatasetReference","parameters":{}}]},{"name":"CopyData_into_SalesPersonStats","description":"Copies data from the vw_SalesPersonStats view and into the newly created SalesPersonStats table.","type":"Copy","dependsOn":[],"policy":{"timeout":"0.12:00:00","retry":0,"retryIntervalInSeconds":30,"secureOutput":false,"secureInput":false},"userProperties":[],"typeProperties":{"source":{"type":"AzureSqlSource","queryTimeout":"02:00:00","partitionOption":"None"},"sink":{"type":"AzureSqlSink","writeBehavior":"insert","sqlWriterUseTableLock":false},"enableStaging":false,"translator":{"type":"TabularTranslator","typeConversion":true,"typeConversionSettings":{"allowDataTruncation":true,"treatBooleanAsNumber":false}}},"inputs":[{"referenceName":"SalesPersonStats_Source","type":"DatasetReference","parameters":{}}],"outputs":[{"referenceName":"SalesPersonStats_Destination","type":"DatasetReference","parameters":{}}]}],"policy":{"elapsedTimeMetric":{},"cancelAfter":{}},"annotations":[],"lastPublishTime":"2023-03-10T03:10:21Z"},"dependsOn":["[concat(variables('factoryId'), '/datasets/ProductDetails_Source')]","[concat(variables('factoryId'), '/datasets/ProductDetails_Destination')]","[concat(variables('factoryId'), '/datasets/ShippedOrders_Source')]","[concat(variables('factoryId'), '/datasets/ShippedOrders_Destination')]","[concat(variables('factoryId'), '/datasets/SalesPersonStats_Source')]","[concat(variables('factoryId'), '/datasets/SalesPersonStats_Destination')]"]},{"name":"[concat(parameters('factoryName'), '/ProductDetails_Source')]","type":"Microsoft.DataFactory/factories/datasets","apiVersion":"2018-06-01","properties":{"linkedServiceName":{"referenceName":"[parameters('AdventureWorks_database_connection')]","type":"LinkedServiceReference"},"annotations":[],"type":"AzureSqlTable","schema":[{"name":"ProductID","type":"int","precision":10},{"name":"Name","type":"nvarchar"},{"name":"ProductModel","type":"nvarchar"},{"name":"ProductCategory","type":"nvarchar"},{"name":"Culture","type":"nchar"},{"name":"Description","type":"nvarchar"}],"typeProperties":{"schema":"PipelineSchema","table":"vw_ProductDetails"}},"dependsOn":[]},{"name":"[concat(parameters('factoryName'), '/ProductDetails_Destination')]","type":"Microsoft.DataFactory/factories/datasets","apiVersion":"2018-06-01","properties":{"linkedServiceName":{"referenceName":"[parameters('AdventureWorks_database_connection')]","type":"LinkedServiceReference"},"annotations":[],"type":"AzureSqlTable","schema":[{"name":"ProductID","type":"int","precision":10},{"name":"Name","type":"nvarchar"},{"name":"Model","type":"nvarchar"},{"name":"Category","type":"nvarchar"},{"name":"Culture","type":"nvarchar"},{"name":"Description","type":"nvarchar"}],"typeProperties":{"schema":"PipelineSchema","table":"ProductDetails"}},"dependsOn":[]},{"name":"[concat(parameters('factoryName'), '/ShippedOrders_Source')]","type":"Microsoft.DataFactory/factories/datasets","apiVersion":"2018-06-01","properties":{"linkedServiceName":{"referenceName":"[parameters('AdventureWorks_database_connection')]","type":"LinkedServiceReference"},"annotations":[],"type":"AzureSqlTable","schema":[{"name":"SalesOrderID","type":"int","precision":10},{"name":"OrderDate","type":"datetime","precision":23,"scale":3},{"name":"DueDate","type":"datetime","precision":23,"scale":3},{"name":"ShipDate","type":"datetime","precision":23,"scale":3},{"name":"ShipMethod","type":"nvarchar"},{"name":"City","type":"nvarchar"},{"name":"StateProvince","type":"nvarchar"},{"name":"CountryRegion","type":"nvarchar"}],"typeProperties":{"schema":"PipelineSchema","table":"vw_ShippedOrders"}},"dependsOn":[]},{"name":"[concat(parameters('factoryName'), '/ShippedOrders_Destination')]","type":"Microsoft.DataFactory/factories/datasets","apiVersion":"2018-06-01","properties":{"linkedServiceName":{"referenceName":"[parameters('AdventureWorks_database_connection')]","type":"LinkedServiceReference"},"annotations":[],"type":"AzureSqlTable","schema":[{"name":"OrderID","type":"int","precision":10},{"name":"OrderDate","type":"datetime","precision":23,"scale":3},{"name":"DueDate","type":"datetime","precision":23,"scale":3},{"name":"ShipDate","type":"datetime","precision":23,"scale":3},{"name":"Status","type":"int","precision":10},{"name":"ShipMethod","type":"nvarchar"},{"name":"City","type":"nvarchar"},{"name":"StateProvince","type":"nvarchar"},{"name":"CountryRegion","type":"nvarchar"}],"typeProperties":{"schema":"PipelineSchema","table":"ShippedOrders"}},"dependsOn":[]},{"name":"[concat(parameters('factoryName'), '/SalesPersonStats_Source')]","type":"Microsoft.DataFactory/factories/datasets","apiVersion":"2018-06-01","properties":{"linkedServiceName":{"referenceName":"[parameters('AdventureWorks_database_connection')]","type":"LinkedServiceReference"},"annotations":[],"type":"AzureSqlTable","schema":[{"name":"SalesPerson","type":"nvarchar"},{"name":"TotalClients","type":"int","precision":10},{"name":"TotalSales","type":"int","precision":10},{"name":"TotalRevenue","type":"nvarchar"},{"name":"AvgSale","type":"nvarchar"}],"typeProperties":{"schema":"PipelineSchema","table":"vw_SalesPersonStats"}},"dependsOn":[]},{"name":"[concat(parameters('factoryName'), '/SalesPersonStats_Destination')]","type":"Microsoft.DataFactory/factories/datasets","apiVersion":"2018-06-01","properties":{"linkedServiceName":{"referenceName":"[parameters('AdventureWorks_database_connection')]","type":"LinkedServiceReference"},"annotations":[],"type":"AzureSqlTable","schema":[{"name":"SalesPerson","type":"nvarchar"},{"name":"TotalClients","type":"int","precision":10},{"name":"TotalSales","type":"int","precision":10},{"name":"TotalSRevenue","type":"money","precision":19,"scale":4},{"name":"AvgSale","type":"money","precision":19,"scale":4}],"typeProperties":{"schema":"PipelineSchema","table":"SalesPersonStats"}},"dependsOn":[]}]}