{
    "name": "ProductDetails_Source",
    "properties": {
        "linkedServiceName": {
            "referenceName": "AdventureWorks_database_connection",
            "type": "LinkedServiceReference"
        },
        "annotations": [],
        "type": "AzureSqlTable",
        "schema": [
            {
                "name": "ProductID",
                "type": "int",
                "precision": 10
            },
            {
                "name": "Name",
                "type": "nvarchar"
            },
            {
                "name": "ProductModel",
                "type": "nvarchar"
            },
            {
                "name": "ProductCategory",
                "type": "nvarchar"
            },
            {
                "name": "Culture",
                "type": "nchar"
            },
            {
                "name": "Description",
                "type": "nvarchar"
            }
        ],
        "typeProperties": {
            "schema": "PipelineSchema",
            "table": "vw_ProductDetails"
        }
    },
    "type": "Microsoft.DataFactory/factories/datasets"
}