{
    "name": "SalesPersonStats_Destination",
    "properties": {
        "linkedServiceName": {
            "referenceName": "AdventureWorks_database_connection",
            "type": "LinkedServiceReference"
        },
        "annotations": [],
        "type": "AzureSqlTable",
        "schema": [
            {
                "name": "SalesPerson",
                "type": "nvarchar"
            },
            {
                "name": "TotalClients",
                "type": "int",
                "precision": 10
            },
            {
                "name": "TotalSales",
                "type": "int",
                "precision": 10
            },
            {
                "name": "TotalSRevenue",
                "type": "money",
                "precision": 19,
                "scale": 4
            },
            {
                "name": "AvgSale",
                "type": "money",
                "precision": 19,
                "scale": 4
            }
        ],
        "typeProperties": {
            "schema": "PipelineSchema",
            "table": "SalesPersonStats"
        }
    },
    "type": "Microsoft.DataFactory/factories/datasets"
}