{
    "name": "SalesPersonStats_Source",
    "properties": {
        "linkedServiceName": {
            "referenceName": "AdventureWorks_database_connection",
            "type": "LinkedServiceReference"
        },
        "annotations": [],
        "type": "AzureSqlTable",
        "schema": [
            {
                "name": "SalesPerson",
                "type": "nvarchar"
            },
            {
                "name": "TotalClients",
                "type": "int",
                "precision": 10
            },
            {
                "name": "TotalSales",
                "type": "int",
                "precision": 10
            },
            {
                "name": "TotalRevenue",
                "type": "nvarchar"
            },
            {
                "name": "AvgSale",
                "type": "nvarchar"
            }
        ],
        "typeProperties": {
            "schema": "PipelineSchema",
            "table": "vw_SalesPersonStats"
        }
    },
    "type": "Microsoft.DataFactory/factories/datasets"
}