{
    "name": "ShippedOrders_Destination",
    "properties": {
        "linkedServiceName": {
            "referenceName": "AdventureWorks_database_connection",
            "type": "LinkedServiceReference"
        },
        "annotations": [],
        "type": "AzureSqlTable",
        "schema": [
            {
                "name": "OrderID",
                "type": "int",
                "precision": 10
            },
            {
                "name": "OrderDate",
                "type": "datetime",
                "precision": 23,
                "scale": 3
            },
            {
                "name": "DueDate",
                "type": "datetime",
                "precision": 23,
                "scale": 3
            },
            {
                "name": "ShipDate",
                "type": "datetime",
                "precision": 23,
                "scale": 3
            },
            {
                "name": "Status",
                "type": "int",
                "precision": 10
            },
            {
                "name": "ShipMethod",
                "type": "nvarchar"
            },
            {
                "name": "City",
                "type": "nvarchar"
            },
            {
                "name": "StateProvince",
                "type": "nvarchar"
            },
            {
                "name": "CountryRegion",
                "type": "nvarchar"
            }
        ],
        "typeProperties": {
            "schema": "PipelineSchema",
            "table": "ShippedOrders"
        }
    },
    "type": "Microsoft.DataFactory/factories/datasets"
}