{
    "now": "2023-03-10T17:13:04.723Z",
    "perfNow": 402757.6000000015,
    "diagnosticCorrelation": "71be158e-4686-4a09-987b-9649e38543c4",
    "source": "DownloadSupportFiles",
    "environment": {
        "productName": "adf",
        "buildVersion": "1.0.030423.3",
        "environmentType": 3,
        "resourceName": "AdventureWorksPipeLine",
        "resourceRegion": "eastus",
        "resourceGroup": "AdventureWorksPipeline",
        "subscriptionId": "7cd719cf-0cb4-47b9-b4f0-d7afcdac72bc",
        "sessionId": "HXNd/AKPL4vA7lj9yC60gG",
        "operationId": "",
        "gitType": "live",
        "loggingKey": "76953503-e748-4ae7-86c4-5bb637997787"
    },
    "additionalInfo": {
        "selectedResource": "pipeline_main",
        "selectedResourceType": "pipeline"
    }
}