{
    "name": "pipeline_main",
    "properties": {
        "description": "Copies data from three different views in the newly created PipeLineSchema and into their matching tables inside of that same schema.",
        "activities": [
            {
                "name": "CopyData_into_ProductDetails",
                "description": "Copies data from vw_Productdetails view into the newly created ProductDetails Table.",
                "type": "Copy",
                "dependsOn": [],
                "policy": {
                    "timeout": "0.12:00:00",
                    "retry": 0,
                    "retryIntervalInSeconds": 30,
                    "secureOutput": false,
                    "secureInput": false
                },
                "userProperties": [],
                "typeProperties": {
                    "source": {
                        "type": "AzureSqlSource",
                        "queryTimeout": "02:00:00",
                        "partitionOption": "None"
                    },
                    "sink": {
                        "type": "AzureSqlSink",
                        "writeBehavior": "insert",
                        "sqlWriterUseTableLock": false
                    },
                    "enableStaging": false,
                    "translator": {
                        "type": "TabularTranslator",
                        "typeConversion": true,
                        "typeConversionSettings": {
                            "allowDataTruncation": true,
                            "treatBooleanAsNumber": false
                        }
                    }
                },
                "inputs": [
                    {
                        "referenceName": "ProductDetails_Source",
                        "type": "DatasetReference"
                    }
                ],
                "outputs": [
                    {
                        "referenceName": "ProductDetails_Destination",
                        "type": "DatasetReference"
                    }
                ]
            },
            {
                "name": "CopyData_into_ShippedOrders",
                "description": "Copies data from the vw_ShippedOrders view and into the newly created ShippedOrders table.",
                "type": "Copy",
                "dependsOn": [],
                "policy": {
                    "timeout": "0.12:00:00",
                    "retry": 0,
                    "retryIntervalInSeconds": 30,
                    "secureOutput": false,
                    "secureInput": false
                },
                "userProperties": [],
                "typeProperties": {
                    "source": {
                        "type": "AzureSqlSource",
                        "queryTimeout": "02:00:00",
                        "partitionOption": "None"
                    },
                    "sink": {
                        "type": "AzureSqlSink",
                        "writeBehavior": "insert",
                        "sqlWriterUseTableLock": false
                    },
                    "enableStaging": false,
                    "translator": {
                        "type": "TabularTranslator",
                        "typeConversion": true,
                        "typeConversionSettings": {
                            "allowDataTruncation": true,
                            "treatBooleanAsNumber": false
                        }
                    }
                },
                "inputs": [
                    {
                        "referenceName": "ShippedOrders_Source",
                        "type": "DatasetReference"
                    }
                ],
                "outputs": [
                    {
                        "referenceName": "ShippedOrders_Destination",
                        "type": "DatasetReference"
                    }
                ]
            },
            {
                "name": "CopyData_into_SalesPersonStats",
                "description": "Copies data from the vw_SalesPersonStats view and into the newly created SalesPersonStats table.",
                "type": "Copy",
                "dependsOn": [],
                "policy": {
                    "timeout": "0.12:00:00",
                    "retry": 0,
                    "retryIntervalInSeconds": 30,
                    "secureOutput": false,
                    "secureInput": false
                },
                "userProperties": [],
                "typeProperties": {
                    "source": {
                        "type": "AzureSqlSource",
                        "queryTimeout": "02:00:00",
                        "partitionOption": "None"
                    },
                    "sink": {
                        "type": "AzureSqlSink",
                        "writeBehavior": "insert",
                        "sqlWriterUseTableLock": false
                    },
                    "enableStaging": false,
                    "translator": {
                        "type": "TabularTranslator",
                        "typeConversion": true,
                        "typeConversionSettings": {
                            "allowDataTruncation": true,
                            "treatBooleanAsNumber": false
                        }
                    }
                },
                "inputs": [
                    {
                        "referenceName": "SalesPersonStats_Source",
                        "type": "DatasetReference"
                    }
                ],
                "outputs": [
                    {
                        "referenceName": "SalesPersonStats_Destination",
                        "type": "DatasetReference"
                    }
                ]
            }
        ],
        "annotations": [],
        "lastPublishTime": "2023-03-10T03:10:21Z"
    },
    "type": "Microsoft.DataFactory/factories/pipelines"
}